vehicle_id;vehicle_code;short_name;valid_from;valid_until
1000110;AV416;33416;01/01/1970;01/01/2036
1000111;AV418;33418;01/01/1970;01/01/2036
1000113;AV420;33420;01/01/1970;01/01/2036
1000115;AV422;33422;01/01/1970;01/01/2036
1000116;AV424;33424;01/01/1970;01/01/2036
1000117;AV426;33426;01/01/1970;01/01/2036
1000118;AV428;33428;01/01/1970;01/01/2036
1000120;AV430;33430;01/01/1970;01/01/2036
1000122;AV432;33432;01/01/1970;01/01/2036
1000124;AV434;33434;01/01/1970;01/01/2036
1000126;AV436;33436;01/01/1970;01/01/2036
1000128;AV438;33438;01/01/1970;01/01/2036
1000130;AV440;33440;01/01/1970;01/01/2036
1000132;AV442;33442;01/01/1970;01/01/2036
1000134;AV444;33444;01/01/1970;01/01/2036
1000135;AV446;33446;01/01/1970;01/01/2036
1000136;AV448;33448;01/01/1970;01/01/2036
1000138;AX450;33450;01/01/1970;01/01/2036
1000140;AX452;33452;01/01/1970;01/01/2036
1000142;AX454;33454;01/01/1970;01/01/2036
1000144;AX456;33456;01/01/1970;01/01/2036
1000146;AX458;33458;01/01/1970;01/01/2036
1000148;AX460;33460;01/01/1970;01/01/2036
1000150;AX462;33462;01/01/1970;01/01/2036
1000152;AX464;33464;01/01/1970;01/01/2036
1000154;AX466;33466;01/01/1970;01/01/2036
1000156;AX468;33468;01/01/1970;01/01/2036
1000158;AX470;33470;01/01/1970;01/01/2036
1000160;AX472;33472;01/01/1970;01/01/2036
1000162;AX474;33474;01/01/1970;01/01/2036
1000164;AX476;33476;01/01/1970;01/01/2036
1000166;AX478;33478;01/01/1970;01/01/2036
1000168;AX480;33480;01/01/1970;01/01/2036
1000170;VG2;40002;01/01/1970;01/01/2036
1000171;AX482;33482;01/01/1970;01/01/2036
1000173;VG4;40004;01/01/1970;01/01/2036
1000174;AX484;33484;01/01/1970;01/01/2036
1000176;VG6;40006;01/01/1970;01/01/2036
1000177;AX486;33486;01/01/1970;01/01/2036
1000180;VG8;40008;01/01/1970;01/01/2036
1000181;AX488;33488;01/01/1970;01/01/2036
1000183;VG10;40010;01/01/1970;01/01/2036
1000184;AX490;33490;01/01/1970;01/01/2036
1000186;VG12;40012;01/01/1970;01/01/2036
1000187;AX492;33492;01/01/1970;01/01/2036
1000189;VG14;40014;01/01/1970;01/01/2036
1000190;AX494;33494;01/01/1970;01/01/2036
1000193;AX496;33496;01/01/1970;01/01/2036
1000195;VG18;40018;01/01/1970;01/01/2036
1000198;VG20;40020;01/01/1970;01/01/2036
1000201;VG22;40022;01/01/1970;01/01/2036
1000202;AX502;33502;01/01/1970;01/01/2036
1000204;VG24;40024;01/01/1970;01/01/2036
1000205;AX504;33504;01/01/1970;01/01/2036
1000208;AX506;33506;01/01/1970;01/01/2036
1000211;AX508;33508;01/01/1970;01/01/2036
1000213;VG30;40030;01/01/1970;01/01/2036
1000338;AV180;33180;01/01/1970;01/01/2036
1000340;EV72;38072;01/01/1970;01/01/2036
1000341;AV182;33182;01/01/1970;01/01/2036
1000342;RA218;24218;01/01/1970;01/01/2036
1000343;EV74;38074;01/01/1970;01/01/2036
1000344;AV184;33184;01/01/1970;01/01/2036
1000345;EV76;38076;01/01/1970;01/01/2036
1000348;EV78;38078;01/01/1970;01/01/2036
1000351;EV80;38080;01/01/1970;01/01/2036
1000354;EV82;38082;01/01/1970;01/01/2036
1000355;AV192;33192;01/01/1970;01/01/2036
1000357;EV84;38084;01/01/1970;01/01/2036
1000360;EV86;38086;01/01/1970;01/01/2036
1000361;AV196;33196;01/01/1970;01/01/2036
1000363;EV88;38088;01/01/1970;01/01/2036
1000366;EV90;38090;01/01/1970;01/01/2036
1000369;EV92;38092;01/01/1970;01/01/2036
1000372;EV94;38094;01/01/1970;01/01/2036
1000375;EV96;38096;01/01/1970;01/01/2036
1000377;EV98;38098;01/01/1970;01/01/2036
1000379;EV100;38100;01/01/1970;01/01/2036
1000381;RA246;24246;01/01/1970;01/01/2036
1000382;AV212;33212;01/01/1970;01/01/2036
1000383;AV214;33214;01/01/1970;01/01/2036
1000384;RA250;24250;01/01/1970;01/01/2036
1000385;AV216;33216;01/01/1970;01/01/2036
1000386;AV218;33218;01/01/1970;01/01/2036
1000387;AV220;33220;01/01/1970;01/01/2036
1000388;AV222;33222;01/01/1970;01/01/2036
1000389;AV224;33224;01/01/1970;01/01/2036
1000391;AV226;33226;01/01/1970;01/01/2036
1000392;AV228;33228;01/01/1970;01/01/2036
1000393;AV230;33230;01/01/1970;01/01/2036
1000395;AV234;33234;01/01/1970;01/01/2036
1000396;AV236;33236;01/01/1970;01/01/2036
1000397;AV238;33238;01/01/1970;01/01/2036
1000399;AV242;33242;01/01/1970;01/01/2036
1000400;AV244;33244;01/01/1970;01/01/2036
1000402;AV248;33248;01/01/1970;01/01/2036
1000403;AV250;33250;01/01/1970;01/01/2036
1000404;AV252;33252;01/01/1970;01/01/2036
1000406;AV256;33256;01/01/1970;01/01/2036
1000407;AV258;33258;01/01/1970;01/01/2036
1000408;AV260;33260;01/01/1970;01/01/2036
1000410;AV264;33264;01/01/1970;01/01/2036
1000413;AV270;33270;01/01/1970;01/01/2036
1000414;AV272;33272;01/01/1970;01/01/2036
1000415;AV274;33274;01/01/1970;01/01/2036
1000417;AV278;33278;01/01/1970;01/01/2036
1000418;AV280;33280;01/01/1970;01/01/2036
1000420;AV284;33284;01/01/1970;01/01/2036
1000421;AV286;33286;01/01/1970;01/01/2036
1000422;AV288;33288;01/01/1970;01/01/2036
1000424;AV292;33292;01/01/1970;01/01/2036
1000425;AV294;33294;01/01/1970;01/01/2036
1000426;AV296;33296;01/01/1970;01/01/2036
1000428;AV300;33300;01/01/1970;01/01/2036
1000429;AV302;33302;01/01/1970;01/01/2036
1000431;AV306;33306;01/01/1970;01/01/2036
1000432;AV308;33308;01/01/1970;01/01/2036
1000433;AV310;33310;01/01/1970;01/01/2036
1000435;AV314;33314;01/01/1970;01/01/2036
1000436;AV316;33316;01/01/1970;01/01/2036
1000438;AV320;33320;01/01/1970;01/01/2036
1000440;AV322;33322;01/01/1970;01/01/2036
1000442;AV324;33324;01/01/1970;01/01/2036
1000443;AV326;33326;01/01/1970;01/01/2036
1000446;AV330;33330;01/01/1970;01/01/2036
1000447;AV332;33332;01/01/1970;01/01/2036
1000449;AV336;33336;01/01/1970;01/01/2036
1000451;AV338;33338;01/01/1970;01/01/2036
1000453;AV340;33340;01/01/1970;01/01/2036
1000454;AV342;33342;01/01/1970;01/01/2036
1000457;AV346;33346;01/01/1970;01/01/2036
1000458;AV348;33348;01/01/1970;01/01/2036
1000460;AV352;33352;01/01/1970;01/01/2036
1000461;AV354;33354;01/01/1970;01/01/2036
1000464;AV358;33358;01/01/1970;01/01/2036
1000465;AV360;33360;01/01/1970;01/01/2036
1000467;AV364;33364;01/01/1970;01/01/2036
1000468;AV366;33366;01/01/1970;01/01/2036
1000469;AV368;33368;01/01/1970;01/01/2036
1000471;AV372;33372;01/01/1970;01/01/2036
1000472;DT2;35002;01/01/1970;01/01/2036
1000474;DT4;35004;01/01/1970;01/01/2036
1000476;AV376;33376;01/01/1970;01/01/2036
1000478;AV378;33378;01/01/1970;01/01/2036
1000479;DT8;35008;01/01/1970;01/01/2036
1000481;DT10;35010;01/01/1970;01/01/2036
1000482;AV382;33382;01/01/1970;01/01/2036
1000483;AV384;33384;01/01/1970;01/01/2036
1000485;AV388;33388;01/01/1970;01/01/2036
1000489;AV392;33392;01/01/1970;01/01/2036
1000490;AV394;33394;01/01/1970;01/01/2036
1000492;AV398;33398;01/01/1970;01/01/2036
1000494;AV400;33400;01/01/1970;01/01/2036
1000496;AV404;33404;01/01/1970;01/01/2036
1000497;AV406;33406;01/01/1970;01/01/2036
1000499;AV410;33410;01/01/1970;01/01/2036
1000501;AV412;33412;01/01/1970;01/01/2036
1000503;AV414;33414;01/01/1970;01/01/2036
1000556;VT1;36001;01/01/1970;01/01/2036
1000558;VT3;36003;01/01/1970;01/01/2036
1000560;VT5;36005;01/01/1970;01/01/2036
1000562;VT7;36007;01/01/1970;01/01/2036
1000564;VT9;36009;01/01/1970;01/01/2036
1000566;VT11;36011;01/01/1970;01/01/2036
1000568;VT13;36013;01/01/1970;01/01/2036
1000570;VT15;36015;01/01/1970;01/01/2036
1000572;VT17;36017;01/01/1970;01/01/2036
1000574;VT19;36019;01/01/1970;01/01/2036
1000576;VT21;36021;01/01/1970;01/01/2036
1000578;VT23;36023;01/01/1970;01/01/2036
1000580;VT25;36025;01/01/1970;01/01/2036
1000582;VT27;36027;01/01/1970;01/01/2036
1000584;VT29;36029;01/01/1970;01/01/2036
1000586;VT31;36031;01/01/1970;01/01/2036
1000588;VT33;36033;01/01/1970;01/01/2036
1000590;VT35;36035;01/01/1970;01/01/2036
1000592;VT37;36037;01/01/1970;01/01/2036
1000596;VT41;36041;01/01/1970;01/01/2036
1000599;VT45;36045;01/01/1970;01/01/2036
1000603;VT49;36049;01/01/1970;01/01/2036
1000607;VT53;36053;01/01/1970;01/01/2036
1000609;VT55;36055;01/01/1970;01/01/2036
1000611;VT57;36057;01/01/1970;01/01/2036
1000613;VT61;36061;01/01/1970;01/01/2036
1000614;VT63;36063;01/01/1970;01/01/2036
1000615;VT65;36065;01/01/1970;01/01/2036
1000617;VT69;36069;01/01/1970;01/01/2036
1000639;WV51;28051;01/01/1970;01/01/2036
1000651;AV23;33023;01/01/1970;01/01/2036
1000665;AV51;33051;01/01/1970;01/01/2036
1000666;AV53;33053;01/01/1970;01/01/2036
1000672;AV65;33065;01/01/1970;01/01/2036
1000686;AV93;33093;01/01/1970;01/01/2036
1000694;EV1;38001;01/01/1970;01/01/2036
1000216;VG32;40032;01/01/1970;01/01/2036
1000218;VG34;40034;01/01/1970;01/01/2036
1000219;AX514;33514;01/01/1970;01/01/2036
1000220;VG36;40036;01/01/1970;01/01/2036
1000222;VG38;40038;01/01/1970;01/01/2036
1000223;AX518;33518;01/01/1970;01/01/2036
1000224;VG40;40040;01/01/1970;01/01/2036
1000226;VG42;40042;01/01/1970;01/01/2036
1000227;AX522;33522;01/01/1970;01/01/2036
1000229;VG44;40044;01/01/1970;01/01/2036
1000230;AX524;33524;01/01/1970;01/01/2036
1000233;AX526;33526;01/01/1970;01/01/2036
1000236;AX528;33528;01/01/1970;01/01/2036
1000238;VG50;40050;01/01/1970;01/01/2036
1000241;AX532;33532;01/01/1970;01/01/2036
1000243;AX534;33534;01/01/1970;01/01/2036
1000245;AX536;33536;01/01/1970;01/01/2036
1000247;AX538;33538;01/01/1970;01/01/2036
1000249;AX540;33540;01/01/1970;01/01/2036
1000251;AX542;33542;01/01/1970;01/01/2036
1000255;AX546;33546;01/01/1970;01/01/2036
1000259;AX550;33550;01/01/1970;01/01/2036
1000261;AX552;33552;01/01/1970;01/01/2036
1000263;AX554;33554;01/01/1970;01/01/2036
1000265;AX556;33556;01/01/1970;01/01/2036
1000266;VT2;36002;01/01/1970;01/01/2036
1000269;VT4;36004;01/01/1970;01/01/2036
1000272;VT6;36006;01/01/1970;01/01/2036
1000274;AX562;33562;01/01/1970;01/01/2036
1000277;AX564;33564;01/01/1970;01/01/2036
1000280;AX566;33566;01/01/1970;01/01/2036
1000281;VT12;36012;01/01/1970;01/01/2036
1000283;AX568;33568;01/01/1970;01/01/2036
1000284;VT14;36014;01/01/1970;01/01/2036
1000286;AX570;33570;01/01/1970;01/01/2036
1000287;VT16;36016;01/01/1970;01/01/2036
1000290;VT18;36018;01/01/1970;01/01/2036
1000293;VT20;36020;01/01/1970;01/01/2036
1000295;AX576;33576;01/01/1970;01/01/2036
1000298;AX578;33578;01/01/1970;01/01/2036
1000299;VT24;36024;01/01/1970;01/01/2036
1000301;AX580;33580;01/01/1970;01/01/2036
1000302;VT26;36026;01/01/1970;01/01/2036
1000304;AX582;33582;01/01/1970;01/01/2036
1000305;VT28;36028;01/01/1970;01/01/2036
1000307;EV42;38042;01/01/1970;01/01/2036
1000309;EV44;38044;01/01/1970;01/01/2036
1000310;AV154;33154;01/01/1970;01/01/2036
1000311;EV46;38046;01/01/1970;01/01/2036
1000312;AV156;33156;01/01/1970;01/01/2036
1000313;EV48;38048;01/01/1970;01/01/2036
1000315;EV50;38050;01/01/1970;01/01/2036
1000316;AV160;33160;01/01/1970;01/01/2036
1000318;EV52;38052;01/01/1970;01/01/2036
1000319;AV162;33162;01/01/1970;01/01/2036
1000321;EV54;38054;01/01/1970;01/01/2036
1000323;EV56;38056;01/01/1970;01/01/2036
1000325;EV58;38058;01/01/1970;01/01/2036
1000327;EV60;38060;01/01/1970;01/01/2036
1000328;AV170;33170;01/01/1970;01/01/2036
1000329;EV62;38062;01/01/1970;01/01/2036
1000330;AV172;33172;01/01/1970;01/01/2036
1000331;EV64;38064;01/01/1970;01/01/2036
1000332;AV174;33174;01/01/1970;01/01/2036
1000333;EV66;38066;01/01/1970;01/01/2036
1000334;AV176;33176;01/01/1970;01/01/2036
1000335;EV68;38068;01/01/1970;01/01/2036
1000337;EV70;38070;01/01/1970;01/01/2036
1000800;AV221;33221;01/01/1970;01/01/2036
1000802;AV225;33225;01/01/1970;01/01/2036
1000803;AV227;33227;01/01/1970;01/01/2036
1000805;AV231;33231;01/01/1970;01/01/2036
1000806;AV233;33233;01/01/1970;01/01/2036
1000807;AV235;33235;01/01/1970;01/01/2036
1000809;AV239;33239;01/01/1970;01/01/2036
1000810;AV241;33241;01/01/1970;01/01/2036
1000812;AV245;33245;01/01/1970;01/01/2036
1000813;AV247;33247;01/01/1970;01/01/2036
1000814;AV249;33249;01/01/1970;01/01/2036
1000816;AV253;33253;01/01/1970;01/01/2036
1000817;AV255;33255;01/01/1970;01/01/2036
1000818;AV257;33257;01/01/1970;01/01/2036
1000820;AV261;33261;01/01/1970;01/01/2036
1000821;AV263;33263;01/01/1970;01/01/2036
1000823;AV267;33267;01/01/1970;01/01/2036
1000824;AV269;33269;01/01/1970;01/01/2036
1000825;AV271;33271;01/01/1970;01/01/2036
1000827;AV275;33275;01/01/1970;01/01/2036
1000828;AV277;33277;01/01/1970;01/01/2036
1000830;AV281;33281;01/01/1970;01/01/2036
1000831;AV283;33283;01/01/1970;01/01/2036
1000832;AV285;33285;01/01/1970;01/01/2036
1000834;AV289;33289;01/01/1970;01/01/2036
1000835;AV291;33291;01/01/1970;01/01/2036
1000836;AV293;33293;01/01/1970;01/01/2036
1000838;AV297;33297;01/01/1970;01/01/2036
1000839;AV299;33299;01/01/1970;01/01/2036
1000841;AV303;33303;01/01/1970;01/01/2036
1000842;AV305;33305;01/01/1970;01/01/2036
1000843;AV307;33307;01/01/1970;01/01/2036
1000845;AV311;33311;01/01/1970;01/01/2036
1000846;AV313;33313;01/01/1970;01/01/2036
1000848;AV317;33317;01/01/1970;01/01/2036
1000849;AV319;33319;01/01/1970;01/01/2036
1000850;AV321;33321;01/01/1970;01/01/2036
1000852;AV325;33325;01/01/1970;01/01/2036
1000853;AV327;33327;01/01/1970;01/01/2036
1000854;AV329;33329;01/01/1970;01/01/2036
1000856;AV331;33331;01/01/1970;01/01/2036
1000857;AV333;33333;01/01/1970;01/01/2036
1000860;AV337;33337;01/01/1970;01/01/2036
1000861;AV339;33339;01/01/1970;01/01/2036
1000863;AV343;33343;01/01/1970;01/01/2036
1000864;AV345;33345;01/01/1970;01/01/2036
1000866;AV349;33349;01/01/1970;01/01/2036
1000867;AV351;33351;01/01/1970;01/01/2036
1000868;AV353;33353;01/01/1970;01/01/2036
1000870;AV357;33357;01/01/1970;01/01/2036
1000871;AV359;33359;01/01/1970;01/01/2036
1000872;AV361;33361;01/01/1970;01/01/2036
1000874;AV365;33365;01/01/1970;01/01/2036
1000875;AV367;33367;01/01/1970;01/01/2036
1000877;DT1;35001;01/01/1970;01/01/2036
1000878;AV371;33371;01/01/1970;01/01/2036
1000879;DT3;35003;01/01/1970;01/01/2036
1000881;DT5;35005;01/01/1970;01/01/2036
1000882;AV375;33375;01/01/1970;01/01/2036
1000884;AV377;33377;01/01/1970;01/01/2036
1000885;DT9;35009;01/01/1970;01/01/2036
1000886;AV379;33379;01/01/1970;01/01/2036
1000888;AV383;33383;01/01/1970;01/01/2036
1000889;AV385;33385;01/01/1970;01/01/2036
1000891;AV389;33389;01/01/1970;01/01/2036
1000892;AV391;33391;01/01/1970;01/01/2036
1000893;AV393;33393;01/01/1970;01/01/2036
1000895;AV397;33397;01/01/1970;01/01/2036
1000896;AV399;33399;01/01/1970;01/01/2036
1000897;AV401;33401;01/01/1970;01/01/2036
1000899;AV405;33405;01/01/1970;01/01/2036
1000900;AX584;33584;01/01/1970;01/01/2036
1000901;VT30;36030;01/01/1970;01/01/2036
1000903;AX586;33586;01/01/1970;01/01/2036
1000904;VT32;36032;01/01/1970;01/01/2036
1000906;AX588;33588;01/01/1970;01/01/2036
1000907;VT34;36034;01/01/1970;01/01/2036
1000909;AX590;33590;01/01/1970;01/01/2036
1000910;VT36;36036;01/01/1970;01/01/2036
1000912;AX592;33592;01/01/1970;01/01/2036
1000913;VT38;36038;01/01/1970;01/01/2036
1000915;AX594;33594;01/01/1970;01/01/2036
1000916;VT40;36040;01/01/1970;01/01/2036
1000918;AX596;33596;01/01/1970;01/01/2036
1000919;VT42;36042;01/01/1970;01/01/2036
1000921;AX598;33598;01/01/1970;01/01/2036
1000922;VT44;36044;01/01/1970;01/01/2036
1000924;AX600;33600;01/01/1970;01/01/2036
1000925;VT46;36046;01/01/1970;01/01/2036
1000199;AX500;33500;01/01/1970;01/01/2036
1001059;AV116;33116;14/07/2010;01/01/2036
1001061;AV118;33118;14/07/2010;01/01/2036
1000703;AV117;33117;14/07/2010;01/01/2036
1930279;GT4;43004;01/01/1970;01/01/2036
1930281;GT3;43003;01/01/1970;01/01/2036
1930282;GT5;43005;01/01/1970;01/01/2036
1930278;GT2;43002;01/01/1970;01/01/2036
1930280;GT1;43001;01/01/1970;01/01/2036
1932298;GT8;43008;01/01/1970;01/01/2036
1932299;GT10;43010;01/01/1970;01/01/2036
1932300;GT12;43012;01/01/1970;01/01/2036
1932301;GT14;43014;01/01/1970;01/01/2036
1932302;GT16;43016;01/01/1970;01/01/2036
1932303;GT18;43018;01/01/1970;01/01/2036
1932305;GT22;43022;01/01/1970;01/01/2036
1932307;GT26;43026;01/01/1970;01/01/2036
1932308;GT28;43028;01/01/1970;01/01/2036
1932309;GT30;43030;01/01/1970;01/01/2036
1932310;GT32;43032;01/01/1970;01/01/2036
1932312;GT36;43036;01/01/1970;01/01/2036
1932314;GT40;43040;01/01/1970;01/01/2036
1932315;GT42;43042;01/01/1970;01/01/2036
1932316;GT44;43044;01/01/1970;01/01/2036
1932317;GT46;43046;01/01/1970;01/01/2036
1932318;GT48;43048;01/01/1970;01/01/2036
1932319;GT50;43050;01/01/1970;01/01/2036
1932321;GT54;43054;01/01/1970;01/01/2036
1932323;GT58;43058;01/01/1970;01/01/2036
1932324;GT60;43060;01/01/1970;01/01/2036
1932325;GT62;43062;01/01/1970;01/01/2036
1932326;GT64;43064;01/01/1970;01/01/2036
1932328;GT68;43068;01/01/1970;01/01/2036
1932330;GT72;43072;01/01/1970;01/01/2036
1000927;AX602;33602;01/01/1970;01/01/2036
1000928;VT48;36048;01/01/1970;01/01/2036
1000930;AX604;33604;01/01/1970;01/01/2036
1000931;VT50;36050;01/01/1970;01/01/2036
1000933;AX606;33606;01/01/1970;01/01/2036
1000934;VT52;36052;01/01/1970;01/01/2036
1000935;AX608;33608;01/01/1970;01/01/2036
1000936;VT54;36054;01/01/1970;01/01/2036
1000937;AX610;33610;01/01/1970;01/01/2036
1000938;VT56;36056;01/01/1970;01/01/2036
1000939;AX612;33612;01/01/1970;01/01/2036
1000940;VT58;36058;01/01/1970;01/01/2036
1000941;AX614;33614;01/01/1970;01/01/2036
1000942;VT60;36060;01/01/1970;01/01/2036
1000943;AX616;33616;01/01/1970;01/01/2036
1000944;VT62;36062;01/01/1970;01/01/2036
1000945;AX618;33618;01/01/1970;01/01/2036
1000946;VT64;36064;01/01/1970;01/01/2036
1000947;AX620;33620;01/01/1970;01/01/2036
1000948;VT66;36066;01/01/1970;01/01/2036
1000949;AX622;33622;01/01/1970;01/01/2036
1000950;VT68;36068;01/01/1970;01/01/2036
1000951;AX624;33624;01/01/1970;01/01/2036
1000952;VT70;36070;01/01/1970;01/01/2036
1000953;AX626;33626;01/01/1970;01/01/2036
1000954;AX628;33628;01/01/1970;01/01/2036
1000955;AX630;33630;01/01/1970;01/01/2036
1000956;AX632;33632;01/01/1970;01/01/2036
1000957;AX634;33634;01/01/1970;01/01/2036
1000958;AX636;33636;01/01/1970;01/01/2036
1000959;AX638;33638;01/01/1970;01/01/2036
1000960;AX640;33640;01/01/1970;01/01/2036
1000961;AX642;33642;01/01/1970;01/01/2036
1000962;AX644;33644;01/01/1970;01/01/2036
1000963;AX646;33646;01/01/1970;01/01/2036
1000964;AX648;33648;01/01/1970;01/01/2036
1000988;WV52;28052;01/01/1970;01/01/2036
1001006;AV24;33024;01/01/1970;01/01/2036
1001007;AV26;33026;01/01/1970;01/01/2036
1001017;AV46;33046;01/01/1970;01/01/2036
1001018;AV48;33048;01/01/1970;01/01/2036
1001027;AV64;33064;01/01/1970;01/01/2036
1001028;AV66;33066;01/01/1970;01/01/2036
1001042;AV94;33094;01/01/1970;01/01/2036
1001044;AV96;33096;01/01/1970;01/01/2036
1001056;EV4;38004;01/01/1970;01/01/2036
1001058;EV6;38006;01/01/1970;01/01/2036
1001060;EV8;38008;01/01/1970;01/01/2036
1001062;RH154;24154;01/01/1970;01/01/2036
1001063;EV10;38010;01/01/1970;01/01/2036
1001066;EV12;38012;01/01/1970;01/01/2036
1001070;EV16;38016;01/01/1970;01/01/2036
1001073;AV128;33128;01/01/1970;01/01/2036
1001074;EV20;38020;01/01/1970;01/01/2036
1001076;EV22;38022;01/01/1970;01/01/2036
1001078;EV24;38024;01/01/1970;01/01/2036
1001080;EV26;38026;01/01/1970;01/01/2036
1001084;EV30;38030;01/01/1970;01/01/2036
1001087;EV32;38032;01/01/1970;01/01/2036
1001091;AV144;33144;01/01/1970;01/01/2036
1001094;AV146;33146;01/01/1970;01/01/2036
1001095;EV38;38038;01/01/1970;01/01/2036
1000207;VG26;40026;01/01/1970;01/01/2036
1000210;VG28;40028;01/01/1970;01/01/2036
1000214;AX510;33510;01/01/1970;01/01/2036
1000217;AX512;33512;01/01/1970;01/01/2036
1000221;AX516;33516;01/01/1970;01/01/2036
1000225;AX520;33520;01/01/1970;01/01/2036
1000232;VG46;40046;01/01/1970;01/01/2036
1000235;VG48;40048;01/01/1970;01/01/2036
1000239;AX530;33530;01/01/1970;01/01/2036
1000253;AX544;33544;01/01/1970;01/01/2036
1000257;AX548;33548;01/01/1970;01/01/2036
1000268;AX558;33558;01/01/1970;01/01/2036
1000271;AX560;33560;01/01/1970;01/01/2036
1000275;VT8;36008;01/01/1970;01/01/2036
1000278;VT10;36010;01/01/1970;01/01/2036
1000289;AX572;33572;01/01/1970;01/01/2036
1000292;AX574;33574;01/01/1970;01/01/2036
1000296;VT22;36022;01/01/1970;01/01/2036
1000390;RA260;24260;01/01/1970;01/01/2036
1000394;AV232;33232;01/01/1970;01/01/2036
1000398;AV240;33240;01/01/1970;01/01/2036
1000401;AV246;33246;01/01/1970;01/01/2036
1000405;AV254;33254;01/01/1970;01/01/2036
1000409;AV262;33262;01/01/1970;01/01/2036
1000412;AV268;33268;01/01/1970;01/01/2036
1000416;AV276;33276;01/01/1970;01/01/2036
1000419;AV282;33282;01/01/1970;01/01/2036
1000423;AV290;33290;01/01/1970;01/01/2036
1000427;AV298;33298;01/01/1970;01/01/2036
1000430;AV304;33304;01/01/1970;01/01/2036
1000434;AV312;33312;01/01/1970;01/01/2036
1000437;AV318;33318;01/01/1970;01/01/2036
1000445;AV328;33328;01/01/1970;01/01/2036
1000448;AV334;33334;01/01/1970;01/01/2036
1000455;AV344;33344;01/01/1970;01/01/2036
1000459;AV350;33350;01/01/1970;01/01/2036
1000462;AV356;33356;01/01/1970;01/01/2036
1000466;AV362;33362;01/01/1970;01/01/2036
1000470;AV370;33370;01/01/1970;01/01/2036
1000473;AV374;33374;01/01/1970;01/01/2036
1000477;DT6;35006;01/01/1970;01/01/2036
1000480;AV380;33380;01/01/1970;01/01/2036
1000484;AV386;33386;01/01/1970;01/01/2036
1000487;AV390;33390;01/01/1970;01/01/2036
1000491;AV396;33396;01/01/1970;01/01/2036
1000495;AV402;33402;01/01/1970;01/01/2036
1000498;AV408;33408;01/01/1970;01/01/2036
1000594;VT39;36039;01/01/1970;01/01/2036
1000598;VT43;36043;01/01/1970;01/01/2036
1000601;VT47;36047;01/01/1970;01/01/2036
1000605;VT51;36051;01/01/1970;01/01/2036
1000612;VT59;36059;01/01/1970;01/01/2036
1000616;VT67;36067;01/01/1970;01/01/2036
1000661;AV43;33043;01/01/1970;01/01/2036
1000671;AV63;33063;01/01/1970;01/01/2036
1000682;AV85;33085;01/01/1970;01/01/2036
1000696;EV3;38003;01/01/1970;01/01/2036
1000786;EV93;38093;01/01/1970;01/01/2036
1000790;EV97;38097;01/01/1970;01/01/2036
1000797;AV215;33215;01/01/1970;01/01/2036
1000801;AV223;33223;01/01/1970;01/01/2036
1000804;AV229;33229;01/01/1970;01/01/2036
1000808;AV237;33237;01/01/1970;01/01/2036
1000811;AV243;33243;01/01/1970;01/01/2036
1000815;AV251;33251;01/01/1970;01/01/2036
1000819;AV259;33259;01/01/1970;01/01/2036
1000822;AV265;33265;01/01/1970;01/01/2036
1000826;AV273;33273;01/01/1970;01/01/2036
1000829;AV279;33279;01/01/1970;01/01/2036
1000833;AV287;33287;01/01/1970;01/01/2036
1000837;AV295;33295;01/01/1970;01/01/2036
1000840;AV301;33301;01/01/1970;01/01/2036
1000844;AV309;33309;01/01/1970;01/01/2036
1000847;AV315;33315;01/01/1970;01/01/2036
1000851;AV323;33323;01/01/1970;01/01/2036
1000858;AV335;33335;01/01/1970;01/01/2036
1000862;AV341;33341;01/01/1970;01/01/2036
1000865;AV347;33347;01/01/1970;01/01/2036
1000869;AV355;33355;01/01/1970;01/01/2036
1000873;AV363;33363;01/01/1970;01/01/2036
1000876;AV369;33369;01/01/1970;01/01/2036
1000880;AV373;33373;01/01/1970;01/01/2036
1000883;DT7;35007;01/01/1970;01/01/2036
1000887;AV381;33381;01/01/1970;01/01/2036
1000890;AV387;33387;01/01/1970;01/01/2036
1000894;AV395;33395;01/01/1970;01/01/2036
1000898;AV403;33403;01/01/1970;01/01/2036
1000987;WV50;28050;01/01/1970;01/01/2036
1001005;AV22;33022;01/01/1970;01/01/2036
1001015;AV42;33042;01/01/1970;01/01/2036
1001019;AV50;33050;01/01/1970;01/01/2036
1001036;AV82;33082;01/01/1970;01/01/2036
1001054;EV2;38002;01/01/1970;01/01/2036
1001065;RH156;24156;01/01/1970;01/01/2036
1001068;EV14;38014;01/01/1970;01/01/2036
1001072;EV18;38018;01/01/1970;01/01/2036
1001075;AV130;33130;01/01/1970;01/01/2036
1001082;EV28;38028;01/01/1970;01/01/2036
1001090;EV34;38034;01/01/1970;01/01/2036
1001093;EV36;38036;01/01/1970;01/01/2036
1001097;EV40;38040;01/01/1970;01/01/2036
1001185;AX529;33529;01/01/1970;01/01/2036
1001189;AX537;33537;01/01/1970;01/01/2036
1001193;AX545;33545;01/01/1970;01/01/2036
1001196;AX551;33551;01/01/1970;01/01/2036
1001200;AX559;33559;01/01/1970;01/01/2036
1001203;AX565;33565;01/01/1970;01/01/2036
1001207;AX573;33573;01/01/1970;01/01/2036
1001211;AX581;33581;01/01/1970;01/01/2036
1001214;AX587;33587;01/01/1970;01/01/2036
1001218;AX595;33595;01/01/1970;01/01/2036
1001221;AX601;33601;01/01/1970;01/01/2036
1001225;AX609;33609;01/01/1970;01/01/2036
1001229;AX617;33617;01/01/1970;01/01/2036
1001232;AX623;33623;01/01/1970;01/01/2036
1001236;AX631;33631;01/01/1970;01/01/2036
1001239;AX637;33637;01/01/1970;01/01/2036
1001243;AX645;33645;01/01/1970;01/01/2036
1001268;RA247;24247;01/01/1970;01/01/2036
1001099;AV407;33407;01/01/1970;01/01/2036
1001100;AV409;33409;01/01/1970;01/01/2036
1001101;AV411;33411;01/01/1970;01/01/2036
1001102;AV413;33413;01/01/1970;01/01/2036
1001103;AV415;33415;01/01/1970;01/01/2036
1001104;AV417;33417;01/01/1970;01/01/2036
1001105;AV419;33419;01/01/1970;01/01/2036
1001106;AV421;33421;01/01/1970;01/01/2036
1001107;AV423;33423;01/01/1970;01/01/2036
1001108;AV425;33425;01/01/1970;01/01/2036
1001109;AV427;33427;01/01/1970;01/01/2036
1001110;AV429;33429;01/01/1970;01/01/2036
1001111;AV431;33431;01/01/1970;01/01/2036
1001112;AV433;33433;01/01/1970;01/01/2036
1001113;AV435;33435;01/01/1970;01/01/2036
1001114;AV437;33437;01/01/1970;01/01/2036
1001115;AV439;33439;01/01/1970;01/01/2036
1001116;AV441;33441;01/01/1970;01/01/2036
1001117;AV443;33443;01/01/1970;01/01/2036
1001118;AV445;33445;01/01/1970;01/01/2036
1001119;AV447;33447;01/01/1970;01/01/2036
1001120;AX449;33449;01/01/1970;01/01/2036
1001121;AX451;33451;01/01/1970;01/01/2036
1001122;AX453;33453;01/01/1970;01/01/2036
1001123;AX455;33455;01/01/1970;01/01/2036
1001124;AX457;33457;01/01/1970;01/01/2036
1001125;AX459;33459;01/01/1970;01/01/2036
1001126;AX461;33461;01/01/1970;01/01/2036
1001127;AX463;33463;01/01/1970;01/01/2036
1001128;AX465;33465;01/01/1970;01/01/2036
1001129;AX467;33467;01/01/1970;01/01/2036
1001130;AX469;33469;01/01/1970;01/01/2036
1001131;AX471;33471;01/01/1970;01/01/2036
1001132;AX473;33473;01/01/1970;01/01/2036
1001133;AX475;33475;01/01/1970;01/01/2036
1001134;AX477;33477;01/01/1970;01/01/2036
1001135;VG1;40001;01/01/1970;01/01/2036
1001136;AX479;33479;01/01/1970;01/01/2036
1001137;VG3;40003;01/01/1970;01/01/2036
1001138;AX481;33481;01/01/1970;01/01/2036
1001139;VG5;40005;01/01/1970;01/01/2036
1001140;AX483;33483;01/01/1970;01/01/2036
1001141;VG7;40007;01/01/1970;01/01/2036
1001142;AX485;33485;01/01/1970;01/01/2036
1001143;VG9;40009;01/01/1970;01/01/2036
1001144;AX487;33487;01/01/1970;01/01/2036
1001145;VG11;40011;01/01/1970;01/01/2036
1001146;AX489;33489;01/01/1970;01/01/2036
1001147;VG13;40013;01/01/1970;01/01/2036
1001148;AX491;33491;01/01/1970;01/01/2036
1001149;VG15;40015;01/01/1970;01/01/2036
1001150;AX493;33493;01/01/1970;01/01/2036
1001151;VG17;40017;01/01/1970;01/01/2036
1001152;AX495;33495;01/01/1970;01/01/2036
1001153;VG19;40019;01/01/1970;01/01/2036
1001154;AX497;33497;01/01/1970;01/01/2036
1001155;VG21;40021;01/01/1970;01/01/2036
1001156;AX499;33499;01/01/1970;01/01/2036
1001157;VG23;40023;01/01/1970;01/01/2036
1001158;AX501;33501;01/01/1970;01/01/2036
1001159;VG25;40025;01/01/1970;01/01/2036
1001160;AX503;33503;01/01/1970;01/01/2036
1001161;VG27;40027;01/01/1970;01/01/2036
1001162;AX505;33505;01/01/1970;01/01/2036
1001163;VG29;40029;01/01/1970;01/01/2036
1001164;AX507;33507;01/01/1970;01/01/2036
1001165;VG31;40031;01/01/1970;01/01/2036
1001166;AX509;33509;01/01/1970;01/01/2036
1001167;VG33;40033;01/01/1970;01/01/2036
1001168;AX511;33511;01/01/1970;01/01/2036
1001169;VG35;40035;01/01/1970;01/01/2036
1001170;AX513;33513;01/01/1970;01/01/2036
1001171;VG37;40037;01/01/1970;01/01/2036
1001172;AX515;33515;01/01/1970;01/01/2036
1001173;VG39;40039;01/01/1970;01/01/2036
1001174;AX517;33517;01/01/1970;01/01/2036
1001175;VG41;40041;01/01/1970;01/01/2036
1001176;AX519;33519;01/01/1970;01/01/2036
1001177;VG43;40043;01/01/1970;01/01/2036
1001178;AX521;33521;01/01/1970;01/01/2036
1001179;VG45;40045;01/01/1970;01/01/2036
1001180;AX523;33523;01/01/1970;01/01/2036
1001181;VG47;40047;01/01/1970;01/01/2036
1001182;AX525;33525;01/01/1970;01/01/2036
1001183;VG49;40049;01/01/1970;01/01/2036
1001184;AX527;33527;01/01/1970;01/01/2036
1001186;AX531;33531;01/01/1970;01/01/2036
1001187;AX533;33533;01/01/1970;01/01/2036
1001188;AX535;33535;01/01/1970;01/01/2036
1001190;AX539;33539;01/01/1970;01/01/2036
1001191;AX541;33541;01/01/1970;01/01/2036
1001192;AX543;33543;01/01/1970;01/01/2036
1001194;AX547;33547;01/01/1970;01/01/2036
1001195;AX549;33549;01/01/1970;01/01/2036
1001197;AX553;33553;01/01/1970;01/01/2036
1001198;AX555;33555;01/01/1970;01/01/2036
1001199;AX557;33557;01/01/1970;01/01/2036
1001201;AX561;33561;01/01/1970;01/01/2036
1001202;AX563;33563;01/01/1970;01/01/2036
1001204;AX567;33567;01/01/1970;01/01/2036
1001205;AX569;33569;01/01/1970;01/01/2036
1001206;AX571;33571;01/01/1970;01/01/2036
1001208;AX575;33575;01/01/1970;01/01/2036
1001209;AX577;33577;01/01/1970;01/01/2036
1001210;AX579;33579;01/01/1970;01/01/2036
1001212;AX583;33583;01/01/1970;01/01/2036
1001213;AX585;33585;01/01/1970;01/01/2036
1001215;AX589;33589;01/01/1970;01/01/2036
1001216;AX591;33591;01/01/1970;01/01/2036
1001217;AX593;33593;01/01/1970;01/01/2036
1001219;AX597;33597;01/01/1970;01/01/2036
1001220;AX599;33599;01/01/1970;01/01/2036
1001222;AX603;33603;01/01/1970;01/01/2036
1001223;AX605;33605;01/01/1970;01/01/2036
1001224;AX607;33607;01/01/1970;01/01/2036
1001226;AX611;33611;01/01/1970;01/01/2036
1001227;AX613;33613;01/01/1970;01/01/2036
1001228;AX615;33615;01/01/1970;01/01/2036
1001230;AX619;33619;01/01/1970;01/01/2036
1001231;AX621;33621;01/01/1970;01/01/2036
1001233;AX625;33625;01/01/1970;01/01/2036
1001234;AX627;33627;01/01/1970;01/01/2036
1001235;AX629;33629;01/01/1970;01/01/2036
1001237;AX633;33633;01/01/1970;01/01/2036
1001238;AX635;33635;01/01/1970;01/01/2036
1001240;AX639;33639;01/01/1970;01/01/2036
1001241;AX641;33641;01/01/1970;01/01/2036
1001242;AX643;33643;01/01/1970;01/01/2036
1001244;AX647;33647;01/01/1970;01/01/2036
1001269;RA249;24249;01/01/1970;01/01/2036
1001270;RA251;24251;01/01/1970;01/01/2036
1000192;VG16;40016;01/01/1970;01/01/2036
1000196;AX498;33498;01/01/1970;01/01/2036
1000698;EV5;38005;01/01/1970;01/01/2036
1000700;EV7;38007;01/01/1970;01/01/2036
1000702;EV9;38009;01/01/1970;01/01/2036
1000704;EV11;38011;01/01/1970;01/01/2036
1000706;EV13;38013;01/01/1970;01/01/2036
1000708;EV15;38015;01/01/1970;01/01/2036
1000709;AV123;33123;01/01/1970;01/01/2036
1000710;EV17;38017;01/01/1970;01/01/2036
1000712;EV19;38019;01/01/1970;01/01/2036
1000714;EV21;38021;01/01/1970;01/01/2036
1000716;EV23;38023;01/01/1970;01/01/2036
1000718;EV25;38025;01/01/1970;01/01/2036
1000720;EV27;38027;01/01/1970;01/01/2036
1000722;EV29;38029;01/01/1970;01/01/2036
1000724;EV31;38031;01/01/1970;01/01/2036
1000726;EV33;38033;01/01/1970;01/01/2036
1000728;EV35;38035;01/01/1970;01/01/2036
1000729;AV143;33143;01/01/1970;01/01/2036
1000730;EV37;38037;01/01/1970;01/01/2036
1000731;AV145;33145;01/01/1970;01/01/2036
1000732;EV39;38039;01/01/1970;01/01/2036
1000734;EV41;38041;01/01/1970;01/01/2036
1000736;EV43;38043;01/01/1970;01/01/2036
1000737;AV151;33151;01/01/1970;01/01/2036
1000738;EV45;38045;01/01/1970;01/01/2036
1000739;AV153;33153;01/01/1970;01/01/2036
1000740;EV47;38047;01/01/1970;01/01/2036
1000741;AV155;33155;01/01/1970;01/01/2036
1000742;EV49;38049;01/01/1970;01/01/2036
1000743;AV157;33157;01/01/1970;01/01/2036
1000744;EV51;38051;01/01/1970;01/01/2036
1000745;AV159;33159;01/01/1970;01/01/2036
1000746;EV53;38053;01/01/1970;01/01/2036
1000747;AV161;33161;01/01/1970;01/01/2036
1000748;EV55;38055;01/01/1970;01/01/2036
1000750;EV57;38057;01/01/1970;01/01/2036
1000751;AV165;33165;01/01/1970;01/01/2036
1000752;EV59;38059;01/01/1970;01/01/2036
1000754;EV61;38061;01/01/1970;01/01/2036
1000755;AV169;33169;01/01/1970;01/01/2036
1000756;EV63;38063;01/01/1970;01/01/2036
1000757;AV171;33171;01/01/1970;01/01/2036
1000758;EV65;38065;01/01/1970;01/01/2036
1000759;AV173;33173;01/01/1970;01/01/2036
1000760;EV67;38067;01/01/1970;01/01/2036
1000761;AV175;33175;01/01/1970;01/01/2036
1000762;EV69;38069;01/01/1970;01/01/2036
1000763;AV177;33177;01/01/1970;01/01/2036
1000764;EV71;38071;01/01/1970;01/01/2036
1000765;AV179;33179;01/01/1970;01/01/2036
1000766;EV73;38073;01/01/1970;01/01/2036
1000767;AV181;33181;01/01/1970;01/01/2036
1000768;EV75;38075;01/01/1970;01/01/2036
1000769;AV183;33183;01/01/1970;01/01/2036
1000770;EV77;38077;01/01/1970;01/01/2036
1000772;EV79;38079;01/01/1970;01/01/2036
1000774;EV81;38081;01/01/1970;01/01/2036
1000776;EV83;38083;01/01/1970;01/01/2036
1000778;EV85;38085;01/01/1970;01/01/2036
1000779;AV193;33193;01/01/1970;01/01/2036
1000780;EV87;38087;01/01/1970;01/01/2036
1000782;EV89;38089;01/01/1970;01/01/2036
1000783;AV197;33197;01/01/1970;01/01/2036
1000784;EV91;38091;01/01/1970;01/01/2036
1000788;EV95;38095;01/01/1970;01/01/2036
1000792;EV99;38099;01/01/1970;01/01/2036
1000796;AV213;33213;01/01/1970;01/01/2036
1000798;AV217;33217;01/01/1970;01/01/2036
1000799;AV219;33219;01/01/1970;01/01/2036
1932331;GT74;43074;01/01/1970;01/01/2036
1932332;GT76;43076;01/01/1970;01/01/2036
1932333;GT78;43078;01/01/1970;01/01/2036
1932334;GT80;43080;01/01/1970;01/01/2036
1932335;GT7;43007;01/01/1970;01/01/2036
1932336;GT9;43009;01/01/1970;01/01/2036
1932337;GT11;43011;01/01/1970;01/01/2036
1932338;GT13;43013;01/01/1970;01/01/2036
1932339;GT15;43015;01/01/1970;01/01/2036
1932340;GT17;43017;01/01/1970;01/01/2036
1932341;GT19;43019;01/01/1970;01/01/2036
1932342;GT21;43021;01/01/1970;01/01/2036
1932343;GT23;43023;01/01/1970;01/01/2036
1932344;GT25;43025;01/01/1970;01/01/2036
1932345;GT27;43027;01/01/1970;01/01/2036
1932346;GT29;43029;01/01/1970;01/01/2036
1932347;GT31;43031;01/01/1970;01/01/2036
1932348;GT33;43033;01/01/1970;01/01/2036
1932349;GT35;43035;01/01/1970;01/01/2036
1932350;GT37;43037;01/01/1970;01/01/2036
1932351;GT39;43039;01/01/1970;01/01/2036
1932352;GT41;43041;01/01/1970;01/01/2036
1932353;GT43;43043;01/01/1970;01/01/2036
1932354;GT45;43045;01/01/1970;01/01/2036
1932355;GT47;43047;01/01/1970;01/01/2036
1932356;GT49;43049;01/01/1970;01/01/2036
1932357;GT51;43051;01/01/1970;01/01/2036
1932358;GT53;43053;01/01/1970;01/01/2036
1932359;GT55;43055;01/01/1970;01/01/2036
1932360;GT57;43057;01/01/1970;01/01/2036
1932361;GT59;43059;01/01/1970;01/01/2036
1932362;GT61;43061;01/01/1970;01/01/2036
1932363;GT63;43063;01/01/1970;01/01/2036
1932364;GT65;43065;01/01/1970;01/01/2036
1932365;GT67;43067;01/01/1970;01/01/2036
1932366;GT69;43069;01/01/1970;01/01/2036
1932367;GT71;43071;01/01/1970;01/01/2036
1932368;GT73;43073;01/01/1970;01/01/2036
1932369;GT75;43075;01/01/1970;01/01/2036
1932370;GT77;43077;01/01/1970;01/01/2036
1932371;GT79;43079;01/01/1970;01/01/2036
1932297;GT6;43006;01/01/1970;01/01/2036
1932304;GT20;43020;01/01/1970;01/01/2036
1932306;GT24;43024;01/01/1970;01/01/2036
1932311;GT34;43034;01/01/1970;01/01/2036
1932313;GT38;43038;01/01/1970;01/01/2036
1932320;GT52;43052;01/01/1970;01/01/2036
1932322;GT56;43056;01/01/1970;01/01/2036
1932327;GT66;43066;01/01/1970;01/01/2036
1932329;GT70;43070;01/01/1970;01/01/2036
2097237;RA267;24267;01/01/1970;01/01/2036
2172277;GT81;43081;01/01/1970;01/01/2036
2172282;GT91;43091;01/01/1970;01/01/2036
2172284;GT95;43095;01/01/1970;01/01/2036
2172291;GT109;43109;01/01/1970;01/01/2036
2172237;GT82;43082;01/01/1970;01/01/2036
2172238;GT84;43084;01/01/1970;01/01/2036
2172239;GT86;43086;01/01/1970;01/01/2036
2172240;GT88;43088;01/01/1970;01/01/2036
2172241;GT90;43090;01/01/1970;01/01/2036
2172242;GT92;43092;01/01/1970;01/01/2036
2172243;GT94;43094;01/01/1970;01/01/2036
2172244;GT96;43096;01/01/1970;01/01/2036
2172245;GT98;43098;01/01/1970;01/01/2036
2172246;GT100;43100;01/01/1970;01/01/2036
2172247;GT102;43102;01/01/1970;01/01/2036
2172248;GT104;43104;01/01/1970;01/01/2036
2172249;GT106;43106;01/01/1970;01/01/2036
2172250;GT108;43108;01/01/1970;01/01/2036
2172251;GT110;43110;01/01/1970;01/01/2036
2172252;GT112;43112;01/01/1970;01/01/2036
2172253;GT114;43114;01/01/1970;01/01/2036
2172254;GT116;43116;01/01/1970;01/01/2036
2172255;GT118;43118;01/01/1970;01/01/2036
2172256;GT120;43120;01/01/1970;01/01/2036
2172257;GT122;43122;01/01/1970;01/01/2036
2172258;GT124;43124;01/01/1970;01/01/2036
2172259;GT126;43126;01/01/1970;01/01/2036
2172260;GT128;43128;01/01/1970;01/01/2036
2172261;GT130;43130;01/01/1970;01/01/2036
2172262;GT132;43132;01/01/1970;01/01/2036
2172263;GT134;43134;01/01/1970;01/01/2036
2172264;GT136;43136;01/01/1970;01/01/2036
2172265;GT138;43138;01/01/1970;01/01/2036
2172266;GT140;43140;01/01/1970;01/01/2036
2172267;GT142;43142;01/01/1970;01/01/2036
2172268;GT144;43144;01/01/1970;01/01/2036
2172269;GT146;43146;01/01/1970;01/01/2036
2172270;GT148;43148;01/01/1970;01/01/2036
2172271;GT150;43150;01/01/1970;01/01/2036
2172272;GT152;43152;01/01/1970;01/01/2036
2172273;GT154;43154;01/01/1970;01/01/2036
2172274;GT156;43156;01/01/1970;01/01/2036
2172275;GT158;43158;01/01/1970;01/01/2036
2172276;GT160;43160;01/01/1970;01/01/2036
2172278;GT83;43083;01/01/1970;01/01/2036
2172279;GT85;43085;01/01/1970;01/01/2036
2172280;GT87;43087;01/01/1970;01/01/2036
2172281;GT89;43089;01/01/1970;01/01/2036
2172283;GT93;43093;01/01/1970;01/01/2036
2172285;GT97;43097;01/01/1970;01/01/2036
2172286;GT99;43099;01/01/1970;01/01/2036
2172287;GT101;43101;01/01/1970;01/01/2036
2172288;GT103;43103;01/01/1970;01/01/2036
2172289;GT105;43105;01/01/1970;01/01/2036
2172290;GT107;43107;01/01/1970;01/01/2036
2172292;GT111;43111;01/01/1970;01/01/2036
2172293;GT113;43113;01/01/1970;01/01/2036
2172294;GT115;43115;01/01/1970;01/01/2036
2172295;GT117;43117;01/01/1970;01/01/2036
2172296;GT119;43119;01/01/1970;01/01/2036
2172297;GT121;43121;01/01/1970;01/01/2036
2172298;GT123;43123;01/01/1970;01/01/2036
2172299;GT125;43125;01/01/1970;01/01/2036
2172300;GT127;43127;01/01/1970;01/01/2036
2172301;GT129;43129;01/01/1970;01/01/2036
2172302;GT131;43131;01/01/1970;01/01/2036
2172303;GT133;43133;01/01/1970;01/01/2036
2172304;GT135;43135;01/01/1970;01/01/2036
2172305;GT137;43137;01/01/1970;01/01/2036
2172306;GT139;43139;01/01/1970;01/01/2036
2172307;GT141;43141;01/01/1970;01/01/2036
2172308;GT143;43143;01/01/1970;01/01/2036
2172309;GT145;43145;01/01/1970;01/01/2036
2172310;GT147;43147;01/01/1970;01/01/2036
2172311;GT149;43149;01/01/1970;01/01/2036
2172312;GT151;43151;01/01/1970;01/01/2036
2172313;GT153;43153;01/01/1970;01/01/2036
2172314;GT155;43155;01/01/1970;01/01/2036
2172315;GT157;43157;01/01/1970;01/01/2036
2172316;GT159;43159;01/01/1970;01/01/2036
2406865;SG1;44001;01/01/1970;01/01/2036
2406866;SG3;44003;01/01/1970;01/01/2036
2406867;SG5;44005;01/01/1970;01/01/2036
2406868;SG7;44007;01/01/1970;01/01/2036
2406869;SG9;44009;01/01/1970;01/01/2036
2406870;SG11;44011;01/01/1970;01/01/2036
2406871;SG13;44013;01/01/1970;01/01/2036
2406872;SG15;44015;01/01/1970;01/01/2036
2406873;SG17;44017;01/01/1970;01/01/2036
2406874;SG19;44019;01/01/1970;01/01/2036
2406875;SG21;44021;01/01/1970;01/01/2036
2406876;SG23;44023;01/01/1970;01/01/2036
2406877;SG25;44025;01/01/1970;01/01/2036
2406878;SG27;44027;01/01/1970;01/01/2036
2406879;SG29;44029;01/01/1970;01/01/2036
2406880;SG31;44031;01/01/1970;01/01/2036
2406881;SG33;44033;01/01/1970;01/01/2036
2406882;SG35;44035;01/01/1970;01/01/2036
2406918;SG37;44037;01/01/1970;01/01/2036
2406922;SG45;44045;01/01/1970;01/01/2036
2406925;SG51;44051;01/01/1970;01/01/2036
2406929;SG59;44059;01/01/1970;01/01/2036
2406932;SG65;44065;01/01/1970;01/01/2036
2406883;SG10;44010;01/01/1970;01/01/2036
2406884;SG12;44012;01/01/1970;01/01/2036
2406885;SG14;44014;01/01/1970;01/01/2036
2406886;SG16;44016;01/01/1970;01/01/2036
2406887;SG18;44018;01/01/1970;01/01/2036
2406888;SG20;44020;01/01/1970;01/01/2036
2406889;SG22;44022;01/01/1970;01/01/2036
2406890;SG24;44024;01/01/1970;01/01/2036
2406891;SG26;44026;01/01/1970;01/01/2036
2406892;SG28;44028;01/01/1970;01/01/2036
2406893;SG30;44030;01/01/1970;01/01/2036
2406894;SG32;44032;01/01/1970;01/01/2036
2406895;SG34;44034;01/01/1970;01/01/2036
2406896;SG36;44036;01/01/1970;01/01/2036
2406897;SG38;44038;01/01/1970;01/01/2036
2406898;SG40;44040;01/01/1970;01/01/2036
2406899;SG42;44042;01/01/1970;01/01/2036
2406900;SG44;44044;01/01/1970;01/01/2036
2406901;SG46;44046;01/01/1970;01/01/2036
2406902;SG48;44048;01/01/1970;01/01/2036
2406903;SG50;44050;01/01/1970;01/01/2036
2406904;SG52;44052;01/01/1970;01/01/2036
2406905;SG54;44054;01/01/1970;01/01/2036
2406906;SG56;44056;01/01/1970;01/01/2036
2406907;SG58;44058;01/01/1970;01/01/2036
2406908;SG60;44060;01/01/1970;01/01/2036
2406909;SG62;44062;01/01/1970;01/01/2036
2406910;SG64;44064;01/01/1970;01/01/2036
2406911;SG66;44066;01/01/1970;01/01/2036
2406912;SG68;44068;01/01/1970;01/01/2036
2406913;SG70;44070;01/01/1970;01/01/2036
2406914;SG2;44002;01/01/1970;01/01/2036
2406915;SG4;44004;01/01/1970;01/01/2036
2406916;SG6;44006;01/01/1970;01/01/2036
2406917;SG8;44008;01/01/1970;01/01/2036
2406919;SG39;44039;01/01/1970;01/01/2036
2406920;SG41;44041;01/01/1970;01/01/2036
2406921;SG43;44043;01/01/1970;01/01/2036
2406923;SG47;44047;01/01/1970;01/01/2036
2406924;SG49;44049;01/01/1970;01/01/2036
2406926;SG53;44053;01/01/1970;01/01/2036
2406927;SG55;44055;01/01/1970;01/01/2036
2406928;SG57;44057;01/01/1970;01/01/2036
2406930;SG61;44061;01/01/1970;01/01/2036
2406931;SG63;44063;01/01/1970;01/01/2036
2406933;SG67;44067;01/01/1970;01/01/2036
2406934;SG69;44069;01/01/1970;01/01/2036
2534792;SG86;44086;01/01/1970;01/01/2036
2534793;SG88;44088;01/01/1970;01/01/2036
2534799;SG100;44100;01/01/1970;01/01/2036
2534800;SG102;44102;01/01/1970;01/01/2036
2534805;SG112;44112;01/01/1970;01/01/2036
2534806;SG114;44114;01/01/1970;01/01/2036
2534866;SG143;44143;01/01/1970;01/01/2036
2534870;SG151;44151;01/01/1970;01/01/2036
2534785;SG72;44072;01/01/1970;01/01/2036
2534786;SG74;44074;01/01/1970;01/01/2036
2534787;SG76;44076;01/01/1970;01/01/2036
2534788;SG78;44078;01/01/1970;01/01/2036
2534789;SG80;44080;01/01/1970;01/01/2036
2534790;SG82;44082;01/01/1970;01/01/2036
2534791;SG84;44084;01/01/1970;01/01/2036
2534794;SG90;44090;01/01/1970;01/01/2036
2534795;SG92;44092;01/01/1970;01/01/2036
2534796;SG94;44094;01/01/1970;01/01/2036
2534797;SG96;44096;01/01/1970;01/01/2036
2534798;SG98;44098;01/01/1970;01/01/2036
2534801;SG104;44104;01/01/1970;01/01/2036
2534802;SG106;44106;01/01/1970;01/01/2036
2534803;SG108;44108;01/01/1970;01/01/2036
2534804;SG110;44110;01/01/1970;01/01/2036
2534807;SG116;44116;01/01/1970;01/01/2036
2534808;SG118;44118;01/01/1970;01/01/2036
2534809;SG120;44120;01/01/1970;01/01/2036
2534810;SG122;44122;01/01/1970;01/01/2036
2534811;SG124;44124;01/01/1970;01/01/2036
2534812;SG126;44126;01/01/1970;01/01/2036
2534813;SG128;44128;01/01/1970;01/01/2036
2534814;SG130;44130;01/01/1970;01/01/2036
2534815;SG132;44132;01/01/1970;01/01/2036
2534816;SG134;44134;01/01/1970;01/01/2036
2534817;SG136;44136;01/01/1970;01/01/2036
2534818;SG138;44138;01/01/1970;01/01/2036
2534819;SG140;44140;01/01/1970;01/01/2036
2534820;SG142;44142;01/01/1970;01/01/2036
2534821;SG144;44144;01/01/1970;01/01/2036
2534822;SG146;44146;01/01/1970;01/01/2036
2534823;SG148;44148;01/01/1970;01/01/2036
2534824;SG150;44150;01/01/1970;01/01/2036
2534825;SG152;44152;01/01/1970;01/01/2036
2534826;SG154;44154;01/01/1970;01/01/2036
2534827;SG156;44156;01/01/1970;01/01/2036
2534828;SG158;44158;01/01/1970;01/01/2036
2534829;SG160;44160;01/01/1970;01/01/2036
2534830;SG71;44071;01/01/1970;01/01/2036
2534831;SG73;44073;01/01/1970;01/01/2036
2534832;SG75;44075;01/01/1970;01/01/2036
2534833;SG77;44077;01/01/1970;01/01/2036
2534834;SG79;44079;01/01/1970;01/01/2036
2534835;SG81;44081;01/01/1970;01/01/2036
2534836;SG83;44083;01/01/1970;01/01/2036
2534837;SG85;44085;01/01/1970;01/01/2036
2534838;SG87;44087;01/01/1970;01/01/2036
2534839;SG89;44089;01/01/1970;01/01/2036
2534840;SG91;44091;01/01/1970;01/01/2036
2534841;SG93;44093;01/01/1970;01/01/2036
2534842;SG95;44095;01/01/1970;01/01/2036
2534843;SG97;44097;01/01/1970;01/01/2036
2534844;SG99;44099;01/01/1970;01/01/2036
2534845;SG101;44101;01/01/1970;01/01/2036
2534846;SG103;44103;01/01/1970;01/01/2036
2534847;SG105;44105;01/01/1970;01/01/2036
2534848;SG107;44107;01/01/1970;01/01/2036
2534849;SG109;44109;01/01/1970;01/01/2036
2534850;SG111;44111;01/01/1970;01/01/2036
2534851;SG113;44113;01/01/1970;01/01/2036
2534852;SG115;44115;01/01/1970;01/01/2036
2534853;SG117;44117;01/01/1970;01/01/2036
2534854;SG119;44119;01/01/1970;01/01/2036
2534855;SG121;44121;01/01/1970;01/01/2036
2534856;SG123;44123;01/01/1970;01/01/2036
2534857;SG125;44125;01/01/1970;01/01/2036
2534858;SG127;44127;01/01/1970;01/01/2036
2534859;SG129;44129;01/01/1970;01/01/2036
2534860;SG131;44131;01/01/1970;01/01/2036
2534861;SG133;44133;01/01/1970;01/01/2036
2534862;SG135;44135;01/01/1970;01/01/2036
2534863;SG137;44137;01/01/1970;01/01/2036
2534864;SG139;44139;01/01/1970;01/01/2036
2534865;SG141;44141;01/01/1970;01/01/2036
2534867;SG145;44145;01/01/1970;01/01/2036
2534868;SG147;44147;01/01/1970;01/01/2036
2534869;SG149;44149;01/01/1970;01/01/2036
2534871;SG153;44153;01/01/1970;01/01/2036
2534872;SG155;44155;01/01/1970;01/01/2036
2534873;SG157;44157;01/01/1970;01/01/2036
2534874;SG159;44159;01/01/1970;01/01/2036
1001029;AV68;33068;27/12/2013;01/01/2036
1000673;AV67;33067;27/12/2013;01/01/2036
2693185;SG161;44161;01/01/1970;01/01/2036
2693186;SG163;44163;01/01/1970;01/01/2036
2693187;SG165;44165;01/01/1970;01/01/2036
2693188;SG167;44167;01/01/1970;01/01/2036
2693190;SG171;44171;01/01/1970;01/01/2036
2693192;SG175;44175;01/01/1970;01/01/2036
2693193;SG177;44177;01/01/1970;01/01/2036
2693194;SG179;44179;01/01/1970;01/01/2036
2693195;SG181;44181;01/01/1970;01/01/2036
2693197;SG185;44185;01/01/1970;01/01/2036
2693198;SG187;44187;01/01/1970;01/01/2036
2693199;SG189;44189;01/01/1970;01/01/2036
2693200;SG191;44191;01/01/1970;01/01/2036
2693201;SG193;44193;01/01/1970;01/01/2036
2693202;SG195;44195;01/01/1970;01/01/2036
2693203;SG197;44197;01/01/1970;01/01/2036
2693204;SG199;44199;01/01/1970;01/01/2036
2693205;SG201;44201;01/01/1970;01/01/2036
2693206;SG203;44203;01/01/1970;01/01/2036
2693207;SG205;44205;01/01/1970;01/01/2036
2693208;SG207;44207;01/01/1970;01/01/2036
2693209;SG209;44209;01/01/1970;01/01/2036
2693210;SG211;44211;01/01/1970;01/01/2036
2693211;SG213;44213;01/01/1970;01/01/2036
2693212;SG215;44215;01/01/1970;01/01/2036
2693213;SG217;44217;01/01/1970;01/01/2036
2693214;SG219;44219;01/01/1970;01/01/2036
2693215;SG221;44221;01/01/1970;01/01/2036
2693216;SG223;44223;01/01/1970;01/01/2036
2693217;SG225;44225;01/01/1970;01/01/2036
2693218;SG227;44227;01/01/1970;01/01/2036
2693219;SG229;44229;01/01/1970;01/01/2036
2693220;SG231;44231;01/01/1970;01/01/2036
2693221;SG233;44233;01/01/1970;01/01/2036
2693222;SG235;44235;01/01/1970;01/01/2036
2693223;SG237;44237;01/01/1970;01/01/2036
2693224;SG239;44239;01/01/1970;01/01/2036
2693225;SG241;44241;01/01/1970;01/01/2036
2693226;SG243;44243;01/01/1970;01/01/2036
2693227;SG245;44245;01/01/1970;01/01/2036
2693228;SG247;44247;01/01/1970;01/01/2036
2693229;SG249;44249;01/01/1970;01/01/2036
2693230;SG251;44251;01/01/1970;01/01/2036
2693231;SG253;44253;01/01/1970;01/01/2036
2693232;SG255;44255;01/01/1970;01/01/2036
2693233;SG257;44257;01/01/1970;01/01/2036
2693234;SG259;44259;01/01/1970;01/01/2036
2693235;SG261;44261;01/01/1970;01/01/2036
2693236;SG263;44263;01/01/1970;01/01/2036
2693237;SG265;44265;01/01/1970;01/01/2036
2693238;SG267;44267;01/01/1970;01/01/2036
2693239;SG269;44269;01/01/1970;01/01/2036
2693189;SG169;44169;01/01/1970;01/01/2036
2693191;SG173;44173;01/01/1970;01/01/2036
2693196;SG183;44183;01/01/1970;01/01/2036
2693252;SG186;44186;01/01/1970;01/01/2036
2693257;SG196;44196;01/01/1970;01/01/2036
2693258;SG198;44198;01/01/1970;01/01/2036
2693264;SG210;44210;01/01/1970;01/01/2036
2693240;SG162;44162;01/01/1970;01/01/2036
2693241;SG164;44164;01/01/1970;01/01/2036
2693242;SG166;44166;01/01/1970;01/01/2036
2693243;SG168;44168;01/01/1970;01/01/2036
2693244;SG170;44170;01/01/1970;01/01/2036
2693245;SG172;44172;01/01/1970;01/01/2036
2693246;SG174;44174;01/01/1970;01/01/2036
2693247;SG176;44176;01/01/1970;01/01/2036
2693248;SG178;44178;01/01/1970;01/01/2036
2693249;SG180;44180;01/01/1970;01/01/2036
2693250;SG182;44182;01/01/1970;01/01/2036
2693251;SG184;44184;01/01/1970;01/01/2036
2693253;SG188;44188;01/01/1970;01/01/2036
2693254;SG190;44190;01/01/1970;01/01/2036
2693255;SG192;44192;01/01/1970;01/01/2036
2693256;SG194;44194;01/01/1970;01/01/2036
2693259;SG200;44200;01/01/1970;01/01/2036
2693260;SG202;44202;01/01/1970;01/01/2036
2693261;SG204;44204;01/01/1970;01/01/2036
2693262;SG206;44206;01/01/1970;01/01/2036
2693263;SG208;44208;01/01/1970;01/01/2036
2693265;SG212;44212;01/01/1970;01/01/2036
2693266;SG214;44214;01/01/1970;01/01/2036
2693267;SG216;44216;01/01/1970;01/01/2036
2693268;SG218;44218;01/01/1970;01/01/2036
2693269;SG220;44220;01/01/1970;01/01/2036
2693270;SG222;44222;01/01/1970;01/01/2036
2693271;SG224;44224;01/01/1970;01/01/2036
2693272;SG226;44226;01/01/1970;01/01/2036
2693273;SG228;44228;01/01/1970;01/01/2036
2693274;SG230;44230;01/01/1970;01/01/2036
2693275;SG232;44232;01/01/1970;01/01/2036
2693276;SG234;44234;01/01/1970;01/01/2036
2693277;SG236;44236;01/01/1970;01/01/2036
2693278;SG238;44238;01/01/1970;01/01/2036
2693279;SG240;44240;01/01/1970;01/01/2036
2693280;SG242;44242;01/01/1970;01/01/2036
2693281;SG244;44244;01/01/1970;01/01/2036
2693282;SG246;44246;01/01/1970;01/01/2036
2693283;SG248;44248;01/01/1970;01/01/2036
2693284;SG250;44250;01/01/1970;01/01/2036
2693285;SG252;44252;01/01/1970;01/01/2036
2693286;SG254;44254;01/01/1970;01/01/2036
2693287;SG256;44256;01/01/1970;01/01/2036
2693288;SG258;44258;01/01/1970;01/01/2036
2693289;SG260;44260;01/01/1970;01/01/2036
2693290;SG262;44262;01/01/1970;01/01/2036
2693291;SG264;44264;01/01/1970;01/01/2036
2693292;SG266;44266;01/01/1970;01/01/2036
2693293;SG268;44268;01/01/1970;01/01/2036
2693294;SG270;44270;01/01/1970;01/01/2036
